,id,message,screen_name
0,1262765635744006144,"@veramagalhaes Apoio popular √© o que n√£o tem para o impeachment do BOLSONARO, muito pelo contr√°rio, as √∫nicas manifesta√ß√µes s√£o a favor do governo.",joaopulbat
1,1262766716460859393,"RT @esquerdeando: Posso perdoar v√°rios arrependidos. Mas a Amada, n√£o tem como. Prejudicou o pa√≠s deliberadamente, com conhecimento de caus‚Ä¶",Seoade
2,1262768118763569155,"RT @thescorpiao: Brasil indo receber a vacina contra covid-19: 
https://t.co/pEZDd1EHZC",anac_sacra
3,1262768379552600064,RT @RTweetSite: Governo empenhado para manter desigualdade educacional no pa√≠s √© esse o real motivo de n√£o adiar o ENEM. Ignoram estudantes‚Ä¶,eibrunah
4,1262768437203525638,"@ClaudiaCores1 @marcofeliciano Eu n√£o sei pra q o uso da cloroquina. Vcs amante de Bolsonaro, est√£o junto com ele contra o isolamento , pq dizem q n√£o existe v√≠rus √© uma gripezinha e vcs est√£o querendo liberar  pra acabar com uma gripe ? √â s√≥ usar dipirona. Se decidam , existe ou n√£o o v√≠rus?",AldelmirB
5,1262768611766218753,RT @moura_101: A melhor campanha eleitoral para o Jair Bolsonaro √© deixar Felipe Neto e  Anitta falar.,willian85940614
6,1262768854008299520,RT @oteumestre: m√£o direita copo cheio √© pen√°lti senhor presidente,filipafialhoo
7,1262769013823647744,"RT @Fabricio_Rebelo: Anitta debatendo pol√≠tica, Felipe Neto no centro do Roda Viva ... Quem disse que o fundo do po√ßo j√° tinha chegado?",_erickcacheffo
8,1262769159106166786,"RT @blogdojefferson: A conflagra√ß√£o entre estados e governo federal, nasceu de uma interven√ß√£o do STF na compet√™ncia do PR sobre sa√∫de. D√≥r‚Ä¶",bonita67391798
9,1262769796598378499,como que esse povo tem a CORAGEM de dizer que pol√≠tica n√£o se discute?????????,badgalester
10,1262769864604880896,RT @tatikmd: tudo √© pol√≠tico. todos somos pol√≠ticos. a decis√£o de comentar algo publicamente √© pol√≠tica. sua escolha de palavras √© pol√≠tica‚Ä¶,Lilijuris
11,1262770126983749633,"RT @thescorpiao: Brasil indo receber a vacina contra covid-19: 
https://t.co/pEZDd1EHZC",Noismmy
12,1262770700789731329,RT @LuizCamargoVlog: O presidente bilion√°rio do pa√≠s mais poderoso do planeta est√° tomando hidroxicloroquina preventivamente porque caiu na‚Ä¶,Rafael_Facada
13,1262771744605122560,"RT @lsentoes1: A m√≠dia e os isentobobos tentaram vender a narrativa de que Trump desistiu de recomendar o uso da cloroquina, mas o Presiden‚Ä¶",Pimpolha67
14,1262772433901228032,"RT @CarlosBolsonaro: A segunda onda, alertada pelo Presidente e causada por alguns governadores, vem destruindo o RJ  e o Brasil! Via @lean‚Ä¶",IuriMilder
15,1262772974366724096,"RT @folha: EXCLUSIVO FOLHA
Fl√°vio Bolsonaro repassou R$ 500 mil do fundo p√∫blico partid√°rio a advogado investigado no caso Queiroz.
Victor‚Ä¶",kissedbythedust
16,1262773058978435073,RT @notmyprobllem: O clima de Manaus sempre foi um calor infernal mas desde que o covid surgiu por aqui d√° pra contar nos dedos os dias de‚Ä¶,amandatmr1
17,1262773076917395456,"RT @Deusdamelanina: -Governo: no EAD os alunos ter√£o mais mecanismos para pesquisa de suas d√∫vidas e contaram com o aux√≠lio da internet
-Al‚Ä¶",ScentTree02
18,1262773376751460353,"RT @Fabricio_Rebelo: Anitta debatendo pol√≠tica, Felipe Neto no centro do Roda Viva ... Quem disse que o fundo do po√ßo j√° tinha chegado?",JuarezS97670913
19,1262803311213842433,"RT @MarcosQuezado1: üìÜ *Ter√ßa-feira, 19 de maio de 2020* üìÜ  

*Bolsonaro e Pazuello se encontram para discutir uso da cloroquina desde o in√≠‚Ä¶",lucianaleandrol
20,1262803310593138689,RT @UOLNoticias: Corte Interamericana acata den√∫ncia contra governo Bolsonaro por insulto a v√≠timas da ditadura https://t.co/4QcLQowGP9,jackson_alencar
21,1262803310538641409,"kkkkkkkkkkkkkk isso s√≥ lembrou eu qnd peguei o celular do Gustavo anteontem, e ele me falando que era td v√≠rus https://t.co/YBpXkhmhXI",_ericafreitas8
22,1262803310098223105,"RT @CarlaZambelli38: A luta do Governo Federal contra a Covid-19 n√£o para. 

J√° s√£o 100.459 brasileiros curados da doen√ßa e 136.969 em trat‚Ä¶",BrunaAntures
23,1262803309951410178,"Minha fam√≠lia positivou em peso pro corona. Meu tio, minha prima meu primo e a esposa dele e tem 4 esperando resultado. Nunca fiquei t√£o feliz de ter sido deserdado e n precisar manter contato",arcticmat
24,1262803309804621824,RT @viniciussexto: Bruno Covas vai adotar a cloroquina em SP capital. Se tivesse adotado antes ao inv√©s de ficar de briguinha il√≥gica com o‚Ä¶,Gustavo142628
25,1262803309569740800,"RT @joaogeocanhoto: Gente, sei que √© muito desconfort√°vel isso.
Mas preciso de um emprego, quem for do Rio e puder me mandar DM.
Meu pai mo‚Ä¶",KATIACORINO
26,1262803309448048645,@unica_k7 n√£o tem corona certo,lctega_
27,1262803308953120772,"RT @CaioLMacedo: Tive a oportunidade de me encontrar rapidamente com @CarlosBolsonaro no desembarque do v√¥o de Bras√≠lia para SP! 

O ‚ÄúPitbu‚Ä¶",rogeriopontes7
28,1262803308336553984,"A policia do Brasil n√£o era para ajudar/salvar/cuidar de sua popula√ß√£o? Estamos cercados meus amigos, COVID-19, criminalidade, pol√≠cia que faz merda, presidente lixo.. #assassinado A policia do Brasil √© a que mais mata inocentes. Triste fato.",tarcisiosdss
29,1262803307816521728,"RT @raffa_silva00: E isto √© motivo de gozo? √â grande homem e super humilde, nunca vi nenhum presidente t√£o ligado ao povo como este!!",barbosamarcia00
30,1262803307418058753,Corte Interamericana aceita den√∫ncia contra governo Bolsonaro por insultar v√≠timas da ditadura https://t.co/d8MYb010hV,AnaCamelo2
31,1262803307359277057,"RT @CarlaZambelli38: Gola√ßo!

Governo do Presidente @jairbolsonaro investe mais de R$ 1,4 BILH√ÉO para alimenta√ß√£o de alunos de baixa renda.‚Ä¶",Marcos_MPeR
32,1262803307317387266,RT @Barangurter: Quem votou nulo falando de quem votou no Bolsonaro https://t.co/YRPi9FZGqN,cataarina_lopes
33,1262803307304804352,RT @raissachaddad: quando eu tomar a vacina da covid https://t.co/Ilvx3Z6z7l,saaraq__
34,1262803307120205831,"RT @_SaraWinter: Wilson Witzel e Jo√£o Doria ser√£o conhecidos na hist√≥ria como duas lideran√ßas que fizeram do v√≠rus um art√≠fice pol√≠tico, pa‚Ä¶",MarcoAntnioMat8
35,1262803306646249476,@saritacoelho @o_antagonista @o_antagonista est√° pior que folha e 247. Contra o presidente eles n√£o consegue mais esconder o √≥dio. Entre @o_antagonista e @Rconstantino  prefiro o Rodrigo Constantino.,NeimiasP
36,1262803306050617344,"RT @felipeneto: O caso Jo√£o Pedro n√£o √© ""menino morre"". Jo√£o Pedro foi ASSASSINADO pelo Estado, executado dentro de casa e em seguida teve‚Ä¶",yjkiss85
37,1262803305908047875,"RT @Emanoel1953: Uma singela perguntinha...

Se o juiz ladr√£o, os milicianos, os picaretas do TRF-4, os milicos picaretas, a Gangue de Curi‚Ä¶",RosangelaMe15
38,1262803305878687744,"ai deus que me perdoe mas cheguei num ponto que n√£o consigo mais ficar sozinha c a v√≥ p ela s√≥ sabe falar de esp√≠rito e bolsonaro, a energia fica super pesada",RafaelyRamoss
39,1262803305710960640,RT @mc_caroloficial: A mulher que daria um jeito no bolsonaro https://t.co/CrDKktXPPD,rexpeitanat
40,1262803305442533377,"Capit√£o do Ava√≠, Bet√£o confirma  testagem positiva para Covid-19 https://t.co/aWx2kHNTmZ",ge_avai
41,1262803305098555393,"RT @carloscezarcjr: Se estiv√©ssemos sob governo do PT, nessas horas j√° ter√≠amos um ""rem√©dio cidad√£o"" (cloroquina) sendo distribu√≠do no Bras‚Ä¶",engmarcelo35
42,1262803305081831425,"@DomDasThreads Aten√ß√£o Brasil,  a √∫nica forma do Presidente governar,  √© decretando o Art142,  assim convoca as for√ßas armadas,  para retomada da ordem. 
#PresidenteDecreteoArt142
#FFAARetomemAOrdem https://t.co/IbQwpfWFZk",lia_easter
43,1262803304846934016,RT @carloscezarcjr: Estamos diante da maior fraude pol√≠tica da hist√≥ria?,JoseAdeildo
44,1262803304427532289,"RT @felipeneto: O caso Jo√£o Pedro n√£o √© ""menino morre"". Jo√£o Pedro foi ASSASSINADO pelo Estado, executado dentro de casa e em seguida teve‚Ä¶",jefnogueira
45,1262803304339423234,RT @zehdeabreu: Bolsonaro √© muito burro. Sem quarentena a ‚Äúquarentena meia-boca‚Äù n√£o ter√° fim‚Ä¶ A economia vai sofrer ainda mais. Aqui na NZ‚Ä¶,CarminhaDias3
46,1262803304276463618,"O ano √© 2048
-M√£e tirei 10 
-N√£o fez mais que sua obriga√ß√£o .
Em 2020 o pa√≠s passava por uma pandemia ,meus estudos eram online ,Bolsonaro presidente ,eu estava de quarentena e eu ainda tentava salvar a adol√™cencia de uma pobre jovem .
#SalvemBelParaMeninas",Ana_bReaL
47,1262803304209317889,"vai tomar no cu, √© inadmiss√≠vel meter o Flamengo em pol√≠tica, ainda mais com esse filho da puta maldito",ManeroCRF
48,1262803304196816897,"RT @nilmoretto: Joao foi assassinado, @g1. Corrija essa manchete, por favor.
A policia federal no RJ, comandada por quem o Bolsonaro botou‚Ä¶",matvcd
49,1262803304100364288,"RT @Renanaugusto_10: Como diz @FilipeRet

a caneta de um safado do governo, mata mais que um fuzil, podem filmar, televisionar, mas isso na‚Ä¶",dobalaaao_
50,1262803303945117696,RT @MonicaSeixas: Foi golpe. Bolsonaro √© fascista. Doria √© um oportunista. A ci√™ncia est√° certa. Quarentena √© necess√°ria. Cloroquina n√£o fu‚Ä¶,isa_exe
51,1262803303311781889,"RT @MarceloCRedeTV: Algu√©m concebe que o chefe de estado mais poderoso do mundo, presidente do pa√≠s com a medicina e ind√∫stria farmac√™utica‚Ä¶",Anapaulacmarte2
52,1262803302800068608,"RT @thescorpiao: Brasil indo receber a vacina contra covid-19: 
https://t.co/pEZDd1EHZC",Hiagokalil
53,1262803302410051586,"RT @veramagalhaes: Mas olha: a preocupa√ß√£o do presidente era com a escolta pessoal dos filhos, viu, gente? N√£o com investiga√ß√µes https://t.‚Ä¶",daniel_armani
54,1262803301910839297,"RT @carmelonetobr: O STF deu superpoderes a governadores e prefeitos para enfraquecer Bolsonaro, mas o tiro saiu pela culatra. Enquanto os‚Ä¶",Betedna
55,1262803301575393280,RT @mc_caroloficial: A mulher que daria um jeito no bolsonaro https://t.co/CrDKktXPPD,AquiaGabriel
56,1262803301541740545,RT @biazitagomes: Bolsonaro confiscou o dinheiro de contas do pis pasep ( contas teoricamente inativas) alegando que esse dinheiro seria ut‚Ä¶,Fatima61620464
57,1262803300908441600,"RT @thescorpiao: Brasil indo receber a vacina contra covid-19: 
https://t.co/pEZDd1EHZC",XxTetinhas
58,1262803300384231425,"RT @MarcosQuezado1: O juiz da da 8¬™ Vara Federal C√≠vel do Distrito Federal, Francisco Alexandre Ribeiro, negou na noite desta segunda-feira‚Ä¶",AmarilsaPi
59,1262803300342169602,RT @carmelonetobr: O Antagonista escreve que ‚Äúo rem√©dio do Bolsonaro pode matar ainda mais‚Äù e Mandetta declara que ‚Äúpode provocar mortes em‚Ä¶,aluisiomb
60,1262803300073844738,"@Lello_Andress @UOLNoticias Ningu√©m se trata de COVID-19 com hidroxicloroquina. Isso √© fake news. E sim, a sa√∫de (de todos) deve estar sempre em primeiro lugar. Se h√° quem passe fome ficando em casa √© porque o governo, que deveria ajudar, se omite e finge que n√£o √© com ele. O Presidente √© parte do problema.",juliano_torres
61,1262803299968974848,"@DCM_online QUEM MANDOU MATAR MARIELLE? POR QUE? ELA INCOMODAVA ALGU√âM, CUJO SOBRENOME √â BOLSONARO? VCS V√ÉO PAGAR E √â DOBRADO CADA L√ÅGRIMA ROLADA NESSE MEU PENAR! FORABOLSONARO!",gassibe_iole
62,1262803299759206400,RT @randolfeap: J√° pedimos investiga√ß√£o e acionamos o conselho de √©tica solicitando a cassa√ß√£o do mandato de Fl√°vio Bolsonaro! Essa ‚Äúquadri‚Ä¶,UmanicaMulher1
63,1262803299528572929,"RT @BrazilFight: ALEXANDRE GARCIA NO AQUI NA BAND
Se o presidente n√£o fosse √†s manifesta√ß√µes diriam que ele √© covarde. Como vai,dizem que e‚Ä¶",Ricardo96996374
64,1262803299440394240,RT @UOLNoticias: Docente que foi sem m√°scara a ato pr√≥-Bolsonaro morre com suspeita de covid https://t.co/PppZq3t4Cl,Jean_Smegal
65,1262803299377569794,"√â vergonhoso esse discurso, equipe de comunica√ß√£o do @LulaOficial. N√£o cola com ningu√©m que estudou ou viveu na pele o per√≠odo. A UPP n√£o tinha pol√≠tica de confronto agora? Aquele massacre televisionado da Vila Cruzeiro era o que? https://t.co/B7usAl1V1x",fabzettel
66,1262803299230760960,"RT @um_milhao: @felipeneto preto favelado
em isolamento social
foge do v√≠rus
mas n√£o escapa do policial

quarentena
no leblon
netflix debai‚Ä¶",blwep
67,1262803299184660480,"RT @thescorpiao: Brasil indo receber a vacina contra covid-19: 
https://t.co/pEZDd1EHZC",robertaa_spfc
68,1262803299176198150,"RT @VemPraRua_br: Se era contra o fundo partid√°rio, por que usou o recurso para pagar advogado?
https://t.co/OvCUKhaGFb",prdmsd
69,1262803298865815552,RT @MonicaSeixas: Foi golpe. Bolsonaro √© fascista. Doria √© um oportunista. A ci√™ncia est√° certa. Quarentena √© necess√°ria. Cloroquina n√£o fu‚Ä¶,glayssondaniel1
70,1262803298752638978,"RT @lucaswebero: Isso a Globo n√£o mostra! #cloroquinasalva

Acabei de sair do hospital Unimed, onde o meu primo Sr Valter Branco, de 54 ano‚Ä¶",kazue_nishi
71,1262803298492526592,"RT @silviogrimaldo: Sabe qual o nome disso? Interven√ß√£o militar. Fica a√≠ achando que as for√ßas de seguran√ßa est√£o do lado do povo, Amiguinh‚Ä¶",seuandredozap
72,1262803297850863618,@mateusofofo_ bom pode ser corona ou raiva vc foi mordido por algum animal recentemente?,na8na10
73,1262803297003622410,"RT @felipeneto: O caso Jo√£o Pedro n√£o √© ""menino morre"". Jo√£o Pedro foi ASSASSINADO pelo Estado, executado dentro de casa e em seguida teve‚Ä¶",gabiellensantos
74,1262803296357617669,RT @Vinisouza04_: √â virus https://t.co/1YGFZZ9Ggc,HeavenlyOtter
75,1262803296277999618,"RT @daviuzada: NA MORAL, VAI TOMAR NO OLHO DO SEU CU!

Governo Lula foi n√£o s√≥ foi um dos q mais encarcerou, mas foi um dos principais na p‚Ä¶",craudiovinicius
76,1262803296244445186,"A #UFF n√£o p√°ra no combate √† COVID-19! Dessa vez, o assunto na m√≠dia foi a equipe da ""Frente UFF"" que concluiu o primeiro prot√≥tipo de ventilador mec√¢nico e est√° trabalhando em vers√µes melhoradas para que o projeto possa ser aprovado pela ANVISA. https://t.co/zkfzdPog1B",uff_br
77,1262803296231833603,"RT @CarlaZambelli38: O governo do Presidente @jairbolsonaro  j√° distribuiu comprimidos de cloroquina a praticamente todos os Estados, sendo‚Ä¶",gueiros_tania
78,1262803296227598339,"RT @rafaelmmartins: No meio duma pandemia, Bolsonaro (ou algu√©m a seu pedido) ligou a um delegado do interior de S√£o Paulo para saber se er‚Ä¶",luhes
79,1262803296106020864,"RT @carmelonetobr: O STF deu superpoderes a governadores e prefeitos para enfraquecer Bolsonaro, mas o tiro saiu pela culatra. Enquanto os‚Ä¶",joaorachod
80,1262803295736926210,RT @konohadobr: sakura e tsunade iam acabar com o corona v√≠rus no soco https://t.co/T1wrJDQS9D,Beldade__
81,1262803295699165184,"RT @Arthur_Chryss: o br depois de vencer o Corona, sobreviver a um mandato do Bolsonaro e de salvar a Bell
#SalvemBelParaMeninas  
https://‚Ä¶",LiviaDg3
82,1262803295669817345,"RT @thescorpiao: Brasil indo receber a vacina contra covid-19: 
https://t.co/pEZDd1EHZC",gabfcastro
83,1262803295585927171,"RT @BolsonaroSP: Se o confinamento imposto por Jo√£o D√≥ria, com registro at√© de pris√£o de senhora em pra√ßa p√∫blica, estivesse dando certo S√£‚Ä¶",koelhert
84,1262803294356979712,"RT @diarioonline: Bolsonaro deve vir ao Cear√° em junho, diz ministro do Desenvolvimento Regional https://t.co/Nnn3rNfWPm https://t.co/FOoUT‚Ä¶",comexsd
85,1262803294084304897,RT @randolfeap: J√° pedimos investiga√ß√£o e acionamos o conselho de √©tica solicitando a cassa√ß√£o do mandato de Fl√°vio Bolsonaro! Essa ‚Äúquadri‚Ä¶,NayraMV
86,1262803294075998209,"RT @CarlaZambelli38: A luta do Governo Federal contra a Covid-19 n√£o para. 

J√° s√£o 100.459 brasileiros curados da doen√ßa e 136.969 em trat‚Ä¶",vladimirgomes66
87,1262803293711056900,"RT @silviogrimaldo: Sabe qual o nome disso? Interven√ß√£o militar. Fica a√≠ achando que as for√ßas de seguran√ßa est√£o do lado do povo, Amiguinh‚Ä¶",Mikael86891409
88,1262803293505536000,RT @ElineKbraw81: A primeira vez que Bolsonaro defendeu o uso da HCQ foi no dia 25 de Mar√ßo. O Brasil contabilizava 59 mortos pelo v√≠rus na‚Ä¶,sherliv
89,1262803293358743562,"RT @RenovaMidia: ""Nenhum ministro saiu por corrup√ß√£o ou acomoda√ß√£o partid√°ria. No passado, trocava centenas de ministros por ano e a impren‚Ä¶",DanielLampur
90,1262803293044125697,RT @raissachaddad: quando eu tomar a vacina da covid https://t.co/Ilvx3Z6z7l,Gbalaa3
91,1262803292721164289,RT @raissachaddad: quando eu tomar a vacina da covid https://t.co/Ilvx3Z6z7l,caroool_cat
92,1262803292712833030,"Esse covid-19 podia vazar logo... Eu sei que eu nao sou de sair, mas gosto dos story dos povo saindo",brendarf98
93,1262803292373028866,"#SalvemBelParaMeninas

Querido di√°rio hoje acordei com uma solicita√ß√£o da Fran m√£e de bel para meninas, devo contratar um advogado ou ainda √© cedo? Espero a pol√≠tica federal vir me buscar ou n√£o?  Como proceder? https://t.co/kTmrkolYsR",TaeYang_Carol
94,1262803292058529795,RT @Vinisouza04_: √â virus https://t.co/1YGFZZ9Ggc,MarcosGui03
95,1262803291949477888,"RT @nilmoretto: Joao foi assassinado, @g1. Corrija essa manchete, por favor.
A policia federal no RJ, comandada por quem o Bolsonaro botou‚Ä¶",georgeafg
96,1262803291882360833,RT @raissachaddad: quando eu tomar a vacina da covid https://t.co/Ilvx3Z6z7l,dlameza_
97,1262803291630710786,"RT @Clauwild1: No Brasil, a ditadura do judici√°rio ideologizado vai ficando cada dia mais escancarada. Pa√≠s em que amea√ßar, caluniar, difam‚Ä¶",EtelvinaMartins
98,1262803291626496000,"RT @JooPaul73784669: Que dia, hoje entrei para os n√∫meros das estat√≠sticas... Estou com suspeita da COVID-19 coisa desconfort√°vel, e olhe q‚Ä¶",gripezinha_
99,1262803291324497921,"me tira uma duvida ai, pq vc pode ver o namorado na quarentena e o cara n pode ver o amigo? o corona √© romantico?",_leandrocsoares
100,1262803291118895109,"RT @CarlaZambelli38: O governo do Presidente @jairbolsonaro  j√° distribuiu comprimidos de cloroquina a praticamente todos os Estados, sendo‚Ä¶",MFabiana4
101,1262803291097968641,"RT @felipeneto: O caso Jo√£o Pedro n√£o √© ""menino morre"". Jo√£o Pedro foi ASSASSINADO pelo Estado, executado dentro de casa e em seguida teve‚Ä¶",bellafiuza96
102,1262803291022508032,"RT @raffa_silva00: E isto √© motivo de gozo? √â grande homem e super humilde, nunca vi nenhum presidente t√£o ligado ao povo como este!!",Andrefelipe991
103,1262803290741452803,RT @Clauwild1: @filtradas_com Meu Deus! O governo federal precisa intervir. Os tiranetes precisam ser parados.,Rafael15785881
104,1262803290435334151,"RT @mjmacul_lima: Witsel recebeu milh√µes do Governo Federal para usar na pandemia, pouco fez, muito roubou e como um ditador quer trancar a‚Ä¶",ferebello
105,1262803290242367488,RT @ge_fla: Landim se re√∫ne com Bolsonaro e o presenteia com nova camisa do Flamengo https://t.co/zsTZVRyUWq,MM_CRF81
106,1262803289294413825,RT @mc_caroloficial: A mulher que daria um jeito no bolsonaro https://t.co/CrDKktXPPD,nnavagi
107,1262803289244086274,"RT @cahemota: Rodolfo Landim e o chefe do departamento m√©dio, M√°rcio Tanure, de reuniram nesta ter√ßa-feira com o presidente Jair Bolsonaro,‚Ä¶",SheeDJulio
108,1262803289197940738,"@Rjdouglasgomes Este √© o Rio de Janeiro de @wilsonwitzel ,um estrume sem respeito ao povo q o elegeu..Temos direito √† manifesta√ß√£o,nossa indigna√ß√£o c seu governo √© enorme..Vc n√£o √© e jamais ser√° nosso dono √©,sequer Presidente deste pa√≠s.. Olhem mais este absurdo @jornaldarecord @jairbolsonaro",dezacrvg
109,1262803289172783105,RT @MonicaSeixas: Foi golpe. Bolsonaro √© fascista. Doria √© um oportunista. A ci√™ncia est√° certa. Quarentena √© necess√°ria. Cloroquina n√£o fu‚Ä¶,greyf_53
110,1262803288820506624,"@Alan1Car @tiagosamps @DiogoOliveiraV @ukley @onpanicmode @Iexandre @eurenesilva Mano, e tu acha que os policiais que morrem s√£o de que cor? Agora que o governo n√£o tem preocupa√ß√£o nenhuma em mudar a vida daquelas pessoas e isso gera fatos como esse √© verdade, agora n√£o adianta culpar uma institui√ß√£o que n√£o tem est√≠mulo nenhum pra defender a sociedade.",farukcamargo
111,1262803288531128322,"Eu t√¥ chorando de Felicidades, Sogra da minha comadre venceu o Covid-19, orei tanto, GL√ìRIA A DEUUUUS OBRIGADA SENHOR ‚ù§Ô∏èüôèüèæüò≠",Cassia26618638
112,1262803288430448643,RT @helen_monteiro: Hj acordei cansada! Cansada de gente imbecil! Cansada de n√£o poder trabalhar e interagir com a galera. Cansada de ter m‚Ä¶,Karen5562
113,1262803287935528960,"RT @folha: EXCLUSIVO FOLHA
Fl√°vio Bolsonaro repassou R$ 500 mil do fundo p√∫blico partid√°rio a advogado investigado no caso Queiroz.
Victor‚Ä¶",dududuedu89
114,1262803287859965953,"RT @delucca: Se existisse contra o Lula um d√©cimo das den√∫ncias que existem contra a fam√≠lia Bolsonaro, o STF j√° teria retomado a pena de m‚Ä¶",Rainara__
115,1262803287780229121,RT @raissachaddad: quando eu tomar a vacina da covid https://t.co/Ilvx3Z6z7l,brnafroes
116,1262803287583195141,@ENGJOAOCARLOS @kellyanselmobo1 @NegaoPadre @Rafa02233505 Ent√£o voc√™ est√° me dizendo q se eu pegar covid e estiver no √∫ltimo est√°gio do v√≠rus e tomar isso eu vou ficar viva e sem o v√≠rus ???? ü•∞ü•∞ü•∞ü•∞,Rayssa_menesess
117,1262803287503405058,RT @raissachaddad: quando eu tomar a vacina da covid https://t.co/Ilvx3Z6z7l,ivondollinger
118,1262803287302119430,"RT @raffa_silva00: E isto √© motivo de gozo? √â grande homem e super humilde, nunca vi nenhum presidente t√£o ligado ao povo como este!!",rodrigues110130
119,1262803286798798856,"RT @um_milhao: @felipeneto preto favelado
em isolamento social
foge do v√≠rus
mas n√£o escapa do policial

quarentena
no leblon
netflix debai‚Ä¶",Rn_Martins_
120,1262803286194827265,RT @jandira_feghali: ATEN√á√ÉO! A MP910 deu lugar ao PL 2633! O Congresso n√£o pode votar √†s pressas e em meio √† crise sanit√°ria propostas que‚Ä¶,eriksouza_2
121,1262803286001881093,"RT @RFGlau: Minha filha pegou covid no trabalho (Banc√°ria), e meu genro pegou dela, tomaram AZT+HCQ+Zinco logo no inicio dos sintomas, com‚Ä¶",SanMcf
122,1262803285175664641,RT @MonicaSeixas: Foi golpe. Bolsonaro √© fascista. Doria √© um oportunista. A ci√™ncia est√° certa. Quarentena √© necess√°ria. Cloroquina n√£o fu‚Ä¶,nedezenge
123,1262803284848455689,RT @GuilhermeBoulos: Fl√°vio Bolsonaro pagou advogado investigado no caso Queiroz com R$500 mil do fundo partid√°rio do PSL. Uso de dinheiro‚Ä¶,luizgilsonjr
124,1262803284840058884,"Fl√°vio Bolsonaro repassou R$ 500 mil do fundo p√∫blico a advogado investigado no caso Queiroz.
Victor Granado Alves √© investigado em esquema de 'rachadinhas' e citado em relato sobre vazamento da PF. Fala a√≠, minion!",marthaeferreira
125,1262803284823363588,"RT @CarlaZambelli38: A luta do Governo Federal contra a Covid-19 n√£o para. 

J√° s√£o 100.459 brasileiros curados da doen√ßa e 136.969 em trat‚Ä¶",CZJ_17
126,1262803284231958529,"RT @blogdojefferson: Depois de ter concedido poderes aos governadores e estimulado a cria√ß√£o de Estados confederados, Alexandre Morais agor‚Ä¶",microcosmo5
127,1262803284072464385,"RT @delucca: Se existisse contra o Lula um d√©cimo das den√∫ncias que existem contra a fam√≠lia Bolsonaro, o STF j√° teria retomado a pena de m‚Ä¶",kyttymey
128,1262803283841896451,"RT @LorenzonItalo: Voc√™ de esquerda e da ‚Äúdireita anti-Bolsonaro‚Äù, seja coerente e n√£o v√° votar esse ano. Proteja-se do Coronavirus. #FicaE‚Ä¶",_ZaNgUeTa_
129,1262803283728650240,"RT @ConversaAfiada: A farsa da elei√ß√£o de 2018: enquanto Moro divulgava dela√ß√£o de Palocci, Pol√≠cia Federal escondia Queiroz https://t.co/8‚Ä¶",pereirajeane11
130,1262803283380502533,@diogomainardi Como estas diretrizes chegar√£o √† popula√ß√£o para mostrar que a indica√ß√£o do bolsonaro √© errada?,sheilaokcy
131,1262803283007209473,"RT @felipeneto: O caso Jo√£o Pedro n√£o √© ""menino morre"". Jo√£o Pedro foi ASSASSINADO pelo Estado, executado dentro de casa e em seguida teve‚Ä¶",oo_ilhaa
132,1262803282885586944,"No jornal local aconteceu o esperado, o EMPRESARIADO come√ßa a COBRAR o real culpado pela quebra de empresas e o desemprego no Par√°: o H√âLDER BARBALHO, q tomou medidas contr√°rias √†s definidas pelo Governo Federal. Toma tua merenda agora!

#FechadoComBolsonaro #bolsonarotinharazao",JrDamasceno
133,1262803282847825923,RT @viniciussexto: Bruno Covas vai adotar a cloroquina em SP capital. Se tivesse adotado antes ao inv√©s de ficar de briguinha il√≥gica com o‚Ä¶,gersonsflores
134,1262803282805874693,RT @raissachaddad: quando eu tomar a vacina da covid https://t.co/Ilvx3Z6z7l,JuliaDavidN
135,1262803282738757634,"RT @carmelonetobr: O STF deu superpoderes a governadores e prefeitos para enfraquecer Bolsonaro, mas o tiro saiu pela culatra. Enquanto os‚Ä¶",JoseAdeildo
136,1262803282508107783,RT @BlogdoNoblat: A Pol√≠cia Federal j√° sabe desde ontem o nome do delegado que informou Fl√°vio Bolsonaro sobre a opera√ß√£o que acabaria por‚Ä¶,Krishna36961052
137,1262803282260566017,"RT @rodaviva: ‚ÄúO governo atual vive do caos. Ele vive da promo√ß√£o do caos, do desespero, do medo. [...] J√° a oposi√ß√£o est√° fazendo tudo err‚Ä¶",themodernguilt
138,1262803281769828357,"RT @Prof_Jubilut: Coberto pela nuvem de fuma√ßa da pandemia, crise pol√≠tica e econ√¥mica, o desmatamento da Amaz√¥nia, segundo o Imazon, cresc‚Ä¶",LavaredaThiago
139,1262803281560158212,"RT @ManuelaDavila: A voz de  @felipeneto tem sido imprescind√≠vel na defesa da democracia, denunciando o que representa o governo bolsonaro‚Ä¶",DihuTessima
140,1262803281509847041,"RT @4Mariah_7: Nos estritos termos do que encerra o artigo 486 da CLT, ser√° o governo do estado respons√°vel pelo pagamento das rescis√µes co‚Ä¶",AnaCris53727087
141,1262803280872251393,"@PastorMalafaia n√£o concordo com alguns que se dizem crist√£o, estar envolvido em crise pol√≠tica",paulogcnetopv
142,1262803280830377985,"RT @cellbit: ser contra o bolsonaro n√£o √© mais um posicionamento pol√≠tico

nesse ponto √© senso comum",ggabr_elle
143,1262803280603877376,@hicaroteixeira T√≠pico! Nada como um ser deste calibre para um governo descalibrado como o nossos! Qual outro tipo poder-se-ia esperar para participar de um governo como o do Bo√áalnaro?,RenatoF59631598
144,1262803280532508673,"RT @jardim_suzane: A perversidade do governo atual me assusta por ser o que √© e porque tende a fazer toda perversidade anterior parecer ""su‚Ä¶",daylanelc
145,1262803280243105795,"RT @randolfeap: De acordo c/ a Folha, Fl√°vio Bolsonaro tirou R$ 500 mil dos cofres p√∫blico p/ tentar se proteger de suas falcatruas. Isso e‚Ä¶",NayraMV
146,1262803279882436608,RT @raissachaddad: quando eu tomar a vacina da covid https://t.co/Ilvx3Z6z7l,_CamillyP
147,1262803279865618434,"RT @ricardope: Sabe quem ainda est√° negando que o impeachment de Dilma Rousseff foi GOLPE?

Aquele que no dia da vota√ß√£o do impeachment em‚Ä¶",clagraca
148,1262803279425294336,RT @Anitta: @marceloramosam Nao vamos parar... vamos evoluir... pq est√£o todos se disponibilizando a aprender mais sobre pol√≠tica pra saber‚Ä¶,priormineirin
149,1262803279366565888,"RT @dimacgarcia: A justi√ßa do DF negou o pedido do MBL e manteve a nomea√ß√£o de chefe da PF.

Na decis√£o, o juiz recha√ßou a tese de desvio d‚Ä¶",profaanamr
150,1262803279320408065,"@GiseleAFontes Eu tenho medo que nossa gera√ß√£o suporte essa crise, mas nao passe. Tudo bem, ja vivemos um bocado. Mas essa situa√ß√£o pol√≠tica, social, essa crise de saude tem de passar ora gera√ß√£o de nossos filhos. Tem de passar.",capitaopolicial
151,1262803278888341506,RT @carmelonetobr: O Antagonista escreve que ‚Äúo rem√©dio do Bolsonaro pode matar ainda mais‚Äù e Mandetta declara que ‚Äúpode provocar mortes em‚Ä¶,LCRodrigues2112
152,1262803278779371521,"@marcofeliciano No Brasil o combate √© contra o presidente Bolsonaro! Mas agora ele ""pode""lavar as m√£os. STF deu plenos poderes aos governos estaduais bah!",henriquemartin6
153,1262803278691262466,RT @musoverao: se o sabao mata o virus pq n fazem uma vacina com sabao,_FelpsV
154,1262803278670303232,RT @DeputadoFederal: Fl√°vio Bolsonaro repassou R$ 500 mil de fundo partid√°rio para advogado citado por Paulo Marinho https://t.co/g5JRjXARVr,robsonhcosta
155,1262803278372515847,RT @kalmarzinha: t√¥ achando t√£o bonitinho todo mundo usando a bandeira do Brasil. lembraram que ela existe? lembraram que o Brasil foi DEST‚Ä¶,mnunesvsc
156,1262803278292832258,"RT @folha: EXCLUSIVO FOLHA
Fl√°vio Bolsonaro repassou R$ 500 mil do fundo p√∫blico partid√°rio a advogado investigado no caso Queiroz.
Victor‚Ä¶",bymilavieira
157,1262803278070497281,"RT @um_milhao: @felipeneto preto favelado
em isolamento social
foge do v√≠rus
mas n√£o escapa do policial

quarentena
no leblon
netflix debai‚Ä¶",mibandeiraa
158,1262803277931921408,RT @raissachaddad: quando eu tomar a vacina da covid https://t.co/Ilvx3Z6z7l,Anfitritex
159,1262803277852348424,"RT @felipeneto: O caso Jo√£o Pedro n√£o √© ""menino morre"". Jo√£o Pedro foi ASSASSINADO pelo Estado, executado dentro de casa e em seguida teve‚Ä¶",woochulips
160,1262803277223268352,"RT @PatoCorporation: Bolsonaro mostrou q a gente tinha vis√£o distorcida das For√ßas Armadas.

A gente achava q eles s√≥ serviam p pintar post‚Ä¶",KSM_2501ZX
161,1262803277206429702,RT @Vinisouza04_: √â virus https://t.co/1YGFZZ9Ggc,xandy_fontana
162,1262803277118427136,"RT @silviogrimaldo: Sabe qual o nome disso? Interven√ß√£o militar. Fica a√≠ achando que as for√ßas de seguran√ßa est√£o do lado do povo, Amiguinh‚Ä¶",gracelli
163,1262803277005144068,"@LulaOficial Mais respeito com a fam√≠lia, fica usando essa trag√©dia para fazer midia politica!!!
Na gestao petralha de vcs era uma vergonha nas ruas!!!!",alanbayer
164,1262803276753514501,RT @Joaoauferil: Quero minha vacina n√£o votei no bolsonaro üò°,crf_anjoss
165,1262803276505976833,"RT @AndreiaSadi: No blog no @g1: Aras quer ouvir Bolsonaro sobre troca na seguran√ßa e avalia nova oitiva de Moro. A revela√ß√£o, feita pelo J‚Ä¶",gustavo_ggf
166,1262803276497551361,"RT @LasckoKim: Minha filha pegou covid no trabalho (Banc√°ria), e meu genro pegou dela, tomaram AZT+HCQ+Zinco logo no inicio dos sintomas, c‚Ä¶",FilipeS12453093
167,1262803276048850945,@jornaldarecord Quem fala em cloroquina deve ser preso.  √â um antiviral como centenas de outros. Mas como houve interesse de Trump que pediu ajuda ao ‚Äúamigo‚Äù Bolsonaro.... @LulaOficial  @psol50 @PSDBoficial @RodrigoMaia,cionthu
168,1262803275818176515,RT @UOLNoticias: Pedido de cassa√ß√£o de Fl√°vio Bolsonaro est√° h√° tr√™s meses parado no Senado https://t.co/3ks8G5pZE0,Kaiowa13
169,1262803275235164160,RT @gazeta_brasil: Pesquisa da Coreia do Sul mostrou que pessoas com resultado positivo para o coronav√≠rus semanas ap√≥s a recupera√ß√£o n√£o s‚Ä¶,KellyEsperanca
170,1262803275222523905,"Brasil √© o terceiro pa√≠s no mundo com maior n√∫mero de confirmados de covid-19. Estat√≠stica que amarga nos corpos perif√©ricos, negros e pobres. Enquanto isso, seguimos sem Ministro da Sa√∫de e com um Presidente genocida que s√≥ quer saber de rem√©dio sem efic√°cia comprovada.",taliriapetrone
171,1262803275100966919,"RT @Jrcurio38: Puta q pariu, puta q pariu e  puta que pariu de novo.
Que palha√ßada √© essa ? Os caras est√£o inventando casos do v√≠rus chin√™s‚Ä¶",vianadepinho
172,1262803275004489729,"RT @flaviogordon: Entenderam? A culpa √© do Bolsonaro. E se voc√™s n√£o concordarem, voc√™s s√£o contra o ‚Äúbem comum‚Äù. https://t.co/E8zGvS80du",doskavasco
173,1262803274836606977,A ponto de muitos trocarem pelo v√≠rus e contra a vida https://t.co/xFPhxDERYQ,joaoa78
174,1262803274811523074,ODIOOOOO dessa opini√£o burra da minha m√£e de achar que esse idiota desse bolsonaro √© uma pessoa boa,Debsavelino_
175,1262803274769580032,"RT @CarlosBolsonaro: A segunda onda, alertada pelo Presidente e causada por alguns governadores, vem destruindo o RJ  e o Brasil! Via @lean‚Ä¶",BesTwiters
176,1262803274597629954,"RT @YuriMarcal: Witzel n√£o quer que o povo morra de covid 
j√° de bala...

#procurasejoaopedro",shophiess
177,1262803274421489666,"RT @CarlaZambelli38: Gola√ßo!

Governo do Presidente @jairbolsonaro investe mais de R$ 1,4 BILH√ÉO para alimenta√ß√£o de alunos de baixa renda.‚Ä¶",MarcoEduardoda3
178,1262803274404634625,RT @pmlcamargo: Nem parece o ex-presidente que tornou o Brasil o terceiro maior em popula√ß√£o carcer√°ria do mundo por meio da Lei de Drogas.‚Ä¶,_SabrinaCr
179,1262803274358575109,RT @pmlcamargo: Nem parece o ex-presidente que tornou o Brasil o terceiro maior em popula√ß√£o carcer√°ria do mundo por meio da Lei de Drogas.‚Ä¶,berdine95
180,1262803274283077632,"RT @folha: EXCLUSIVO FOLHA
Fl√°vio Bolsonaro repassou R$ 500 mil do fundo p√∫blico partid√°rio a advogado investigado no caso Queiroz.
Victor‚Ä¶",Davitur
181,1262803274132004865,"RT @felipeneto: O caso Jo√£o Pedro n√£o √© ""menino morre"". Jo√£o Pedro foi ASSASSINADO pelo Estado, executado dentro de casa e em seguida teve‚Ä¶",aspirantwerther
182,1262803274060759040,"@candidowp @MiltonBarbosaT @MauMeirelles A Copa foi √≥tima para o Brasil, gerou turismo, consumo e arrecada√ß√£o. 
Pasadena n√£o foi decis√£o do governo, e sim da Petrobras, que tem conselheiros, diretores, equipe t√©cnica etc.
Voc√™ parece bolsominion, bastante desinformado sobre pol√≠tica.",EdgleyGreat
183,1262803273741991946,"Nada como a AUTENTICIDADE de um discurso: CARLOS VEREZA
Carlos Vereza explica rompimento com Bolsonaro https://t.co/bKCawSGLFG via @YouTube",Regina_Silva756
184,1262803273729429506,"RT @felipeneto: O caso Jo√£o Pedro n√£o √© ""menino morre"". Jo√£o Pedro foi ASSASSINADO pelo Estado, executado dentro de casa e em seguida teve‚Ä¶",manuxxxxxca
185,1262803273393868807,RT @Vinisouza04_: √â virus https://t.co/1YGFZZ9Ggc,_manuelagomesss
186,1262803273389613056,"@o_antagonista Se voc√™s pegarem o Corona v√≠rus v√£o usar que medica√ß√£o?
Duvido que n√£o v√£o tomar a cloroquina.

imprensa suja!",Waniaes
187,1262803273247076352,RT @mc_caroloficial: A mulher que daria um jeito no bolsonaro https://t.co/CrDKktXPPD,dudaaa2106
188,1262803273205133312,"RT @Tonkiel: ‚ÄúA esquerda n√£o entendeu, a esquerda √© burra‚Äù, claro, inteligente √© voc√™ que achava que o Paulo Guedes e o Moro iam domar o Bo‚Ä¶",matqp14
189,1262803272953483266,RT @mc_caroloficial: A mulher que daria um jeito no bolsonaro https://t.co/CrDKktXPPD,juu_oliveira98
190,1262803272953483264,@leandroruschel governo estadual sem moral nenhuma,1DJ1970
191,1262803272512999426,RT @Jambock67: Ontem o Desgovernador Botox amea√ßou o Gov Federal dizendo que o Estado de SP vai se levantar contra o PR Bolsonaro se n√£o re‚Ä¶,jjgonzaga
192,1262803272324317186,"RT @CarlaZambelli38: A luta do Governo Federal contra a Covid-19 n√£o para. 

J√° s√£o 100.459 brasileiros curados da doen√ßa e 136.969 em trat‚Ä¶",CelestCamila
193,1262803272307539968,"@SIGMUC Em todo pa√≠s, mais de 30 Guardas Municipais j√° faleceram v√≠timas da COVID-19. Estes pais/m√£es de fam√≠lia, n√£o podem ficar em casa, e est√£o atuando nas a√ß√µes de combate a Pandemia, sob risco maior de contamina√ß√£o.√â justa a reivindica√ß√£o.",resobreiro
194,1262803272244568066,"RT @felipeneto: O caso Jo√£o Pedro n√£o √© ""menino morre"". Jo√£o Pedro foi ASSASSINADO pelo Estado, executado dentro de casa e em seguida teve‚Ä¶",owarleyalves
195,1262803271611228163,"sdds das aulas de pol√≠tica sociologia e economia...

humor: burra ü§ß",greedyforHP
196,1262803271342870535,"RT @LeandroLeite028: Tudo indica que o #BolsonaroGenocida vai colocar no governo o deputado Thomas Jefferson, ops, o ator M√°rio Frias no lu‚Ä¶",Tterann
197,1262803271082749952,"RT @RogerioCorreia_: O que falta para o impeachment e o fim do governo Bolsonaro? 

Fl√°vio Bolsonaro repassou R$ 500 mil do fundo p√∫blico p‚Ä¶",saritabelo
198,1262803271028277249,RT @dabandanacrf: Caralho mano o Lula tem que ser muito cara de pau pra insinuar que o Estado n√£o est√° mais presente nas favelas pra oferec‚Ä¶,1ReallyFlash
199,1262804373421293570,"RT @AnaPaulaVolei: @OdairMo86479393 Sim. Mas fa√ßa como eu, eu vejo a not√≠cia e vou nos arquivos abertos do governo. Tudo at√© aqui sobre o O‚Ä¶",TeresadeSouza2
200,1262804373278789632,"RT @danielPMERJ: Se a elei√ß√£o fosse hoje...
N√£o Ter√≠amos D√≥ria;
N√£o ter√≠amos Witzel;
N√£o ter√≠amos Joice;
N√£o ter√≠amos Jana√≠na;
E sem d√∫vida‚Ä¶",gilbertocs1969
201,1262804372578328580,"RT @lucam_1908: O presidente que enquanto presidente n√£o ganhamos sequer um titulo, q tira foto e d√° presentes para um governante que vai c‚Ä¶",camlfc13
202,1262804372385341440,"RT @FelipeDOPT: Pazuello nomeia nove militares do Ex√©rcito para atuar no Minist√©rio da Sa√∫de.

Uma cambada de milicos q n√£o entendem porra‚Ä¶",Babiborboleta13
203,1262804372213334017,"RT @pablovillaca: Ele teve um ataque card√≠aco, @G1? Foi a Covid-19 que atirou no menino e depois sumiu com seu corpo por horas? Ele teve al‚Ä¶",victorjoaosb
204,1262804372205043714,RT @cahemota: O Flamengo tem se aproximado do governo federal e o apoio do presidente Jair Bolsonaro d√° for√ßa ao clube na volta aos treinam‚Ä¶,SigoFlamengo
205,1262804371911426053,"RT @soosaturn: (Chanbaek!auü•Ä) Baekhyun era um vampiro, e estava completamente apaixonado pelo presidente do clube de culin√°ria, Chanyeol. P‚Ä¶",byxnje
206,1262804371504594946,RT @GuilhermeBoulos: O corpo do garoto Jo√£o Pedro foi localizado agora no IML ap√≥s ser morto pela PM do Rio. Mais uma v√≠tima da pol√≠tica de‚Ä¶,ro_driguinho1
207,1262804371223568384,RT @raissachaddad: quando eu tomar a vacina da covid https://t.co/Ilvx3Z6z7l,Crfrafa22
208,1262804371026448384,"RT @allantercalivre: Vamos ouvir expoentes da pol√≠tica e da economia para entender o que est√° acontecendo, dizem os jornalistas. A√≠ voc√™ pe‚Ä¶",ferebello
209,1262804370904748033,"RT @YolandaBunny: Ainnnnnn 
Rosemere F√°tima de Moraes achando que est√° falando com Vicente Mateus presidente do ""Curintia""!
üòÇüòÇüòÇüòÇüòÇüòÇüòÇüòÇ
#Brega‚Ä¶",DeAccioli
210,1262804370732781573,"RT @thescorpiao: Brasil indo receber a vacina contra covid-19: 
https://t.co/pEZDd1EHZC",c4mph4lfblood
211,1262804370728632324,"@gazetadopovo Capacho de gestor! V√° passar o chap√©u na China. N√£o, pera√≠. Para os chineses voc√™ vende o pa√≠s, n√£o pede nada. Pede para o governo federal. Bando de hip√≥critas.",carol_a_priori
212,1262804370325999616,"RT @felipeneto: O caso Jo√£o Pedro n√£o √© ""menino morre"". Jo√£o Pedro foi ASSASSINADO pelo Estado, executado dentro de casa e em seguida teve‚Ä¶",lucasscalixtoo
213,1262804370258829315,"RT @felipeneto: O caso Jo√£o Pedro n√£o √© ""menino morre"". Jo√£o Pedro foi ASSASSINADO pelo Estado, executado dentro de casa e em seguida teve‚Ä¶",ghlende
214,1262804370212769798,"Supondo que um pa√≠s emergente fosse capaz de impedir todo tipo de espionagem de estrangeiros, vcs acham que a imprensa internacional ia falar que √© um pa√≠s avan√ßado em seguran√ßa ou que √© uma ditadura que s√≥ permite ser dito o que o governo quer?",andrefiremaster
215,1262804369977872385,"RT @jardim_suzane: A perversidade do governo atual me assusta por ser o que √© e porque tende a fazer toda perversidade anterior parecer ""su‚Ä¶",sertanejahitech
216,1262804369969483779,RT @renatoonofre: Fl√°vio Bolsonaro repassou R$ 500 mil do fundo p√∫blico partid√°rio a advogado investigado no caso Queiroz com @ranierbragon‚Ä¶,tommyberesford
217,1262804369289904128,"RT @felipeneto: O caso Jo√£o Pedro n√£o √© ""menino morre"". Jo√£o Pedro foi ASSASSINADO pelo Estado, executado dentro de casa e em seguida teve‚Ä¶",kay_lais6
218,1262804369080307717,RT @EvertonSodario: Estou preocupado com vidas e n√£o com n√∫meros. Convido o Governador @jdoriajr para utilizar a Cloroquina no tratamento d‚Ä¶,MarciaSmania
219,1262804368564371456,"RT @RafaelFontana: A PM Stasi de AuschWitzel partiu para cima da popula√ß√£o com bombas e tiros, ferindo manifestantes e prendendo aqueles qu‚Ä¶",ivanilsonpmota
220,1262804368505651203,"RT @GebrimGoias: A m√≠dia quer tirar Bolsonaro do poder de qualquer forma, est√£o convulsionando sucessivamente, crises de abstin√™ncia de din‚Ä¶",tecendoartes
221,1262804368044294146,"RT @CamargosTelma: Esse homem, nosso Presidente @jairbolsonaro √© a nossa esperan√ßa de mudan√ßa. Nossa luta est√° sendo √°rdua, cansativa e √†s‚Ä¶",nadilaconss
222,1262804368040046599,"RT @um_milhao: @felipeneto preto favelado
em isolamento social
foge do v√≠rus
mas n√£o escapa do policial

quarentena
no leblon
netflix debai‚Ä¶",yatonism
223,1262804367842959362,"Corona ser√° que por obs√©quio vooc poderia ir embora? Eu preciso comprar livros, preciso ir nas livrarias apenas pra ficar l√° rodando,adicionando livros na lista,e sair sem comprar nada,por favor meu lado bookstan precisa disso",MrsLuthor_Rk
224,1262804367666708482,"RT @LulaOficial: A desumanidade chegou a tal ponto que o Bolsonaro vetou o pagamento do aux√≠lio emergencial para os catadores, uma das cate‚Ä¶",AzedoRoci
225,1262804367067041796,RT @AnaPaulaVolei: ‚ÄúUnicef ‚Äã‚Äãalerta que lockdown pode matar mais do que o Covid19. ‚ÄòLockdowns indiscriminados‚Äô s√£o uma maneira ineficaz de‚Ä¶,mpurga
226,1262804366874083328,@joaovvjm Corona v√≠rus,Gabriel_rocha05
227,1262804366618234880,Quando a Maria Alice crescer ela vai compreender a a√ß√£o humanit√°ria do pai dela durante a pandemia de COVID-19. Dar um foda-se pra vida dos filhos dos outros em troca de um dep√≥sito de crian√ßa para liberar os funcion√°rios para a ind√∫stria e com√©rcio.,AnaLuciaFroesD3
228,1262804366249033728,RT @ComeAt_MeBrou: A √∫nica coisa que Cascavel tem a mais que Toledo √© casos de COVID,aaa_blehh
229,1262804366236532736,RT @mc_caroloficial: A mulher que daria um jeito no bolsonaro https://t.co/CrDKktXPPD,_fcknnrafa_
230,1262804366160994306,RT @raissachaddad: quando eu tomar a vacina da covid https://t.co/Ilvx3Z6z7l,TrindadeJamylle
231,1262804366051938305,"RT @TorresFagner: Se Jo√£o Pedro fosse branco e rico, at√© Plant√£o da Globo teria pra localiz√°-lo. O governador estaria na TV empenhado em pu‚Ä¶",felipebdas
232,1262804365947154441,"RT @danielPMERJ: Se a elei√ß√£o fosse hoje...
N√£o Ter√≠amos D√≥ria;
N√£o ter√≠amos Witzel;
N√£o ter√≠amos Joice;
N√£o ter√≠amos Jana√≠na;
E sem d√∫vida‚Ä¶",JesusReidosRei7
233,1262804365603209221,Consenso de entidades m√©dicas n√£o recomenda hidroxicloroquina contra Covid-19 https://t.co/7Jghjp21Eq,TCricare
234,1262804365569638400,"RT @matheusdantasfr: O Dr. M√°rcio Tannure compartilhou fotos do encontro com o presidente Jair Bolsonaro e o filho Fl√°vio Bolsonaro, em Bra‚Ä¶",ImperialUrubu81
235,1262804365406089216,RT @carloscezarcjr: Estamos diante da maior fraude pol√≠tica da hist√≥ria?,vaniaabreusodre
236,1262804365104078856,"racistas, afinal tambem ouvimos ariana grande! voces so xingam porque sao preconceituosos. o mundo esta perdido de gente chata e vc escolhe chamar o selefobicos de chato. chato √© voce que vem com frases de cunho machista xingando o selefobicos de mulherzinha! o bolsonaro vai cair",revivrare
237,1262804365078863877,RT @robsonhcosta: Fl√°vio Bolsonaro repassou R$ 500 mil de fundo partid√°rio para advogado citado por Paulo Marinho | Revista F√≥rum https://t‚Ä¶,DENIZES36433345
238,1262804364957229056,"RT @JornalBSM: Bolsonaro sanciona lei que cria linha de cr√©dito para micro e pequenas empresad.

O valor dos empr√©stimos ser√° de at√© 30% da‚Ä¶",LGLourencetti
239,1262804364332273664,@SocorroMulher_ vou toda preparada contra o v√≠rus,sintiacoms_
240,1262804364005163010,"RT @CaioBellandi: O Flamengo √© o clube s√≠mbolo do regime Bolsonaro. 

Os dirigentes do Flamengo LAMBEM AS BOLAS do neofascista, que se apro‚Ä¶",salomao_bryan
241,1262804363531243527,"RT @catracalivre: Felipe Neto no #RodaViva: Youtuber afirmou que apoiou o impeachment de Dilma Rousseff por falta de estudo e leitura, e qu‚Ä¶",kastelhiamary
242,1262804363388563456,"@Eduardo__38 Sim sim e Sim! A campanha em favor do Presidente nunca acabou
Ela come√ßou em 2018 e s√≥ termina em 2022 quando ele for Reeleito",EuCriskaB_38
243,1262804363120128000,"RT @DjCocaoArara: Queria v√™ um dia o Twitter todo feliz com a chega da cura do corona v√≠rus ao Brasil, twitter ultimamente t√° muito pesado üòû",_aanathalia
244,1262804363053072384,"RT @Biakicis: @GFiuza_Oficial desmascara mais uma vez as fal√°cias e mentiras de @jdoriajr sobre confinamento, covid-19 e muito mais. https:‚Ä¶",PaulinoUK
245,1262804362922913792,"RT @RafaelFontana: A PM Stasi de AuschWitzel partiu para cima da popula√ß√£o com bombas e tiros, ferindo manifestantes e prendendo aqueles qu‚Ä¶",DanyGadita
246,1262804362889506816,"@RafaelFontana @PMERJ ESSES POLICIAIS S√ÉO BANDIDOS, temos que ir para as ruas armados, quem puder ir fazer PASSEATA V√Å ARMADO PQ ESTAMOS COMBATENDO O COMUNISMO E S√ì O PRESIDENTE FALA A L√çNGUA DA POPULA√á√ÉO!",felipe1982_olv
247,1262804362822389760,"RT @Emanoel1953: ""Contrariando Moro, MPF n√£o v√™ crime em fala de Lula que associa Bolsonaro a milicianos.""

Tipo assim... 

O estadista Lul‚Ä¶",zkfreitas
248,1262804362365227008,"@SenadorKajuru Se fosse pra colocar da corrup√ß√£o o Haddad seria presidente. 
Pergunta 
Militar n√£o tem estudo ?",olivei01
249,1262804362142855169,"RT @felipeneto: O caso Jo√£o Pedro n√£o √© ""menino morre"". Jo√£o Pedro foi ASSASSINADO pelo Estado, executado dentro de casa e em seguida teve‚Ä¶",Aleatorio102
250,1262804361983467521,RT @tatikmd: tudo √© pol√≠tico. todos somos pol√≠ticos. a decis√£o de comentar algo publicamente √© pol√≠tica. sua escolha de palavras √© pol√≠tica‚Ä¶,joaobsmg
251,1262804361903775744,@simpraisa VOU TE FALAR EM A PRIMEIRA IMAGEM S√ì A FOTO DO PRESIDA DO FLAMENGO VIU COMO √â IMPORTANTE UMA IMAGEM CORRETA TODOS EST√ÉO ERRADO N√ÉO DA PARA VOLTAR SEM A SA√öDE ALTORIZAR N√ÉO O PRESIDENTE RETARDADO A SA√öDE MAIS VALEU RAISSA,BlackCharmingSR
252,1262804361807310853,"RT @delucca: Se existisse contra o Lula um d√©cimo das den√∫ncias que existem contra a fam√≠lia Bolsonaro, o STF j√° teria retomado a pena de m‚Ä¶",klaudioRn
253,1262804361736007681,"RT @Estadao: EDITORIAL: Atua√ß√£o do presidente tem provocado p√©ssimo efeito na economia, assustando investidores e convertendo o Brasil em z‚Ä¶",Roxy_queen
254,1262804360884617218,"RT @leomadureira: Gl√≥ria Maria falando sobre Bolsonaro no ""Conversa com o Bial"". Meus aplausos!!! https://t.co/OK4rze08Zh",Selma90961813
255,1262804360733622274,RT @roxana_moura: √â para enlouquecer. Muita sacanagem com o povo e com o PR. O Covas decretou feriado em S√£o Paulo.  Pq estamos ‚Äúperdendo a‚Ä¶,Vnia60277936
256,1262804360649674753,"Queria s√≥ ver se fosse o Mauricio Galliote se reunindo com o Bolnosauro, como √© o presidente do Meng√£o... vamos ver se v√£o falar alguma coisa https://t.co/ftK3asV0jW",rodolforoque
257,1262804360607784970,"RT @RafaelFontana: A PM Stasi de AuschWitzel partiu para cima da popula√ß√£o com bombas e tiros, ferindo manifestantes e prendendo aqueles qu‚Ä¶",CristianoAASS
258,1262804360381284354,Mais claro que isso imposs√≠vel n√© @allantercalivre @Clauwild1 O globalismo escancarado pelo v√≠rus chin√™s. https://t.co/Rd3unXv5HP,RobertoLuiz7
259,1262804360326713344,"Preparando meu ex√©rcito contra as vespas assassinas.

#LouvaDeus #OlharPeculiar em Presidente Prudente, S√£o Paulo https://t.co/TA4SrZM6nI",lyrislc
260,1262804360251281413,"RT @MarcosQuezado1: O juiz da da 8¬™ Vara Federal C√≠vel do Distrito Federal, Francisco Alexandre Ribeiro, negou na noite desta segunda-feira‚Ä¶",janeneves10
261,1262804360184188928,RT @carmelonetobr: O Antagonista escreve que ‚Äúo rem√©dio do Bolsonaro pode matar ainda mais‚Äù e Mandetta declara que ‚Äúpode provocar mortes em‚Ä¶,eliasaffonso2
262,1262804359928328192,RT @UOLNoticias: Corte Interamericana acata den√∫ncia contra governo Bolsonaro por insulto a v√≠timas da ditadura https://t.co/4QcLQowGP9,jojoletthy
263,1262804359609450500,"RT @jpgadelhaof: For√ßa, Bolsonaro! Que nenhum obst√°culo atrapalhe o seu caminho at√© o abismo.",LeandroViana79
264,1262804359555026944,"RT @felipeneto: O caso Jo√£o Pedro n√£o √© ""menino morre"". Jo√£o Pedro foi ASSASSINADO pelo Estado, executado dentro de casa e em seguida teve‚Ä¶",iamelifernanda
265,1262804359366115331,"RT @FMouraBrasil: RESUMO: Victor Granado Alves (que foi receber vazamento da PF, segundo Paulo Marinho) √© suspeito em 2 rachadinhas: nos ga‚Ä¶",LourivalCorrea1
266,1262804359349493761,"RT @lucaswebero: Isso a Globo n√£o mostra! #cloroquinasalva

Acabei de sair do hospital Unimed, onde o meu primo Sr Valter Branco, de 54 ano‚Ä¶",gavrielcrvg
267,1262804359303385089,@BandJornalismo Fam√≠lia genoc√≠dio Arm√™nio Bolsonaro sua campanha √≥dio da intoler√¢ncia disc√≥rdia,franciscop442
268,1262804359139733505,RT @cahemota: O Flamengo tem se aproximado do governo federal e o apoio do presidente Jair Bolsonaro d√° for√ßa ao clube na volta aos treinam‚Ä¶,yanlucascrf_
269,1262804359039070208,RT @neliojr30: Saudades quando corona √© apenas uma cerveja,Ve_Herculano
270,1262804358938451968,"RT @cahemota: Rodolfo Landim e o chefe do departamento m√©dio, M√°rcio Tanure, de reuniram nesta ter√ßa-feira com o presidente Jair Bolsonaro,‚Ä¶",M_Nascimento97
271,1262804358896459781,RT @carmelonetobr: O Antagonista escreve que ‚Äúo rem√©dio do Bolsonaro pode matar ainda mais‚Äù e Mandetta declara que ‚Äúpode provocar mortes em‚Ä¶,AlinePr17
272,1262804358787411972,"Cara, eu s√≥ n√£o odeio o Landim mais do que eu odeio o Bolsonaro. Puta que pariu. https://t.co/3MYRAf0ooQ",putzday_
273,1262804358644805632,RT @mc_caroloficial: A mulher que daria um jeito no bolsonaro https://t.co/CrDKktXPPD,Gabypedro03
274,1262804358628073473,RT @raissachaddad: quando eu tomar a vacina da covid https://t.co/Ilvx3Z6z7l,eaerios
275,1262804358510624773,"RT @HaddadDebochado: üö®ATEN√á√ÉO: PT, PSOL e Rede entraram com a√ß√£o no Conselho de √âtica pedindo a cassa√ß√£o do senador Fl√°vio Bolsonaro.",MarceleS_97
276,1262804358485495814,"RT @felipeneto: O caso Jo√£o Pedro n√£o √© ""menino morre"". Jo√£o Pedro foi ASSASSINADO pelo Estado, executado dentro de casa e em seguida teve‚Ä¶",PaciulloW
277,1262804358435164160,RT @mc_caroloficial: A mulher que daria um jeito no bolsonaro https://t.co/CrDKktXPPD,insideou7
278,1262804358326112264,Corona eu n te aguento mais pcr,thallesnery99
279,1262804358300938241,O corona vai acabar a semana de barriguinha cheia,ze_fg_honrado
280,1262804358300925953,"RT @juleno_14: Flamengo √© o Bolsonaro do futebol e o Bolsonaro √© o Flamengo da pol√≠tica, se merecem",DontTreadOnPipo
281,1262804358170914817,"RT @AlanLopesRio: O DITADOR FICOU LOUCO: Witzel se diz perseguido e promete PARTIR PARA CIMA DE BOLSONARO E BRETAS.
O governador afirmou qu‚Ä¶",crisalvesp11
282,1262804358040899585,RT @LeozinAstro: Eu indo tomar a vacina em outro pa√≠s pq o presidente fez merda,Camiifzz
283,1262804358028316673,HAHAHH fodase o covid ahahhahaha eu nao vou morrer mesmo üòéüòéüòébora no churras com os par√ßa pra beberüòúüòúüòúüòúüòúvoa mlkü§üü§üü§üüòéüòé https://t.co/NzLm1zio7s,elsa57802346
284,1262804357994762240,RT @kakobelmont: Uma crian√ßa negra e pobre foi morta numa a√ß√£o policial. E os liberecos e socialdem que se unem pra falar que s√£o contra di‚Ä¶,Tollstoi
285,1262804357990567937,"RT @pablovillaca: Ele teve um ataque card√≠aco, @G1? Foi a Covid-19 que atirou no menino e depois sumiu com seu corpo por horas? Ele teve al‚Ä¶",ariadnesabrinac
286,1262804357956939776,@folha Pol√≠cia criminosa! Governo criminoso!,DorivanMaria
287,1262804357764038656,RT @maseusuperei: v√≠rus fdp presidente fdp,itsjapajv
288,1262804357667528704,"O QUE A CLASSE POLITICA ESTA FAZENDO PARA AJUDAR O BRASIL??  MINISTROS DO STF???
=O PA√çS ESTA PASSANDO POR UMA DIFICULDADE
SEM PRECEDENTE.
=O SACRIF√çCIO √â PARA QUEM? S√ì PARA POPULA√á√ÉO??
=DA ONDE VEM O DINHEIRO PARA PAGAR ESSES SAL√ÅRIOS E ESSAS ENORMES BENESSES??",HENRIQU84142481
289,1262804357612961793,"RT @LorenzonItalo: Voc√™ de esquerda e da ‚Äúdireita anti-Bolsonaro‚Äù, seja coerente e n√£o v√° votar esse ano. Proteja-se do Coronavirus. #FicaE‚Ä¶",JeovaFCJunior
290,1262804357524983809,RT @profcabarros: As pessoas foram √†s unidades de sa√∫de com sintomas de Covid-19. Sa√≠ram com receita de analg√©sico e antit√©rmico. A elas fo‚Ä¶,BagualKid
291,1262804357084598274,"RT @saude_pt: O Secret√°rio de Estado da Sa√∫de afirmou hoje que h√° 6.430 casos de doentes recuperados de Covid-19, mais 1.794 casos que domi‚Ä¶",nelantonio11
292,1262804356778377216,"RT @oiIuiz: ""ain biroliro genocida""

Diz a√≠, como ele matou gente?

Indo √† padaria? Falando em preservar empregos?

O STF reduziu o papel d‚Ä¶",XimenesGeorge
293,1262804356673536002,RT @MonicaSeixas: Foi golpe. Bolsonaro √© fascista. Doria √© um oportunista. A ci√™ncia est√° certa. Quarentena √© necess√°ria. Cloroquina n√£o fu‚Ä¶,mechamadenego
294,1262804356635787266,A chapa do Fl√°vio Bolsonaro foi beneficiada ..por isto deve ser cassado o Fl√°vio M Bolsonaro e os Suplentes ..isto se o TSE fosse s√©rio,BLOGdoPEPE
295,1262804356220493830,Qria tanto casar com o Rafa ü•∫ corona eu te odeio,anamatiasam
296,1262804356065382402,"RT @CarlaZambelli38: A luta do Governo Federal contra a Covid-19 n√£o para. 

J√° s√£o 100.459 brasileiros curados da doen√ßa e 136.969 em trat‚Ä¶",deniseroitman
297,1262804355234902017,"RT @luciano_hang: Mandetta volta atr√°s, tr√™s dias depois, e diz que Par√° j√° passou pelo pico da covid-19 - Portal Roma News https://t.co/9K‚Ä¶",cicatriz06
298,1262804355000020993,"RT @AnaPaulaVolei: O #ObamaGate est√° pegando fogo! Implodiram o parquinho.
üî•üî•üî•üî•üî•üî•üî•üî•üî•üî•
Mas, claro, a maior parte da m√≠dia no Brasil vai fing‚Ä¶",renascido991
299,1262804354286923776,@paulocruzphi O certo n√£o √© acaba com a demoniza√ß√£o da pol√≠tica e promover o espa√ßo para debate a todos?,tereza_raquels
300,1262804354085654534,RT @raissachaddad: quando eu tomar a vacina da covid https://t.co/Ilvx3Z6z7l,Evysilvaa18
301,1262804353959825410,RT @raissachaddad: quando eu tomar a vacina da covid https://t.co/Ilvx3Z6z7l,vicondack
302,1262804353372602374,"RT @raffa_silva00: E isto √© motivo de gozo? √â grande homem e super humilde, nunca vi nenhum presidente t√£o ligado ao povo como este!!",bbiia06
303,1262804353259319296,"RT @RiodeNojeira: Corona, tem que levar os corruptos.

üò¢ Infelizmente faleceu hoje o ex Vereador Jorginho da SOS ap√≥s contrair Coronav√≠rus.‚Ä¶",marcf1000
304,1262804352651210753,"RT @samuelgomes: Jo√£o Pedro estava DENTRO DE CASA BRINCANDO efoi assassinado pelo estado. O presidente de voc√™s, prefere falar sobre o M√°ri‚Ä¶",rariialc7
305,1262804352647024641,RT @mc_caroloficial: A mulher que daria um jeito no bolsonaro https://t.co/CrDKktXPPD,muitoquerida__
306,1262804352454078464,"RT @felipeneto: O caso Jo√£o Pedro n√£o √© ""menino morre"". Jo√£o Pedro foi ASSASSINADO pelo Estado, executado dentro de casa e em seguida teve‚Ä¶",gubalinho
307,1262804352139493377,RT @hanakhalil: witzel n√£o √© defensor da vida s√≥ pq ele entende a pandemia. n√£o se enganem! por dentro ainda √© um genocida. esse governo ai‚Ä¶,thaynafarias09
308,1262804352126922754,RT @alfontenelle: Para quem acha que Felipe Neto ainda √© um menino (tem 32 anos). A an√°lise sobre a comunica√ß√£o do governo e da oposi√ß√£o fo‚Ä¶,MilaStorino
309,1262804352059703297,estou vivendo ou apenas esperando o governo inconsistente do meu pa√≠s desmoronar?,parakuisso
310,1262804351917207552,"RT @luciano_hang: Mandetta volta atr√°s, tr√™s dias depois, e diz que Par√° j√° passou pelo pico da covid-19 - Portal Roma News https://t.co/9K‚Ä¶",Eliana41249542
311,1262804351841681408,"at√© o Temer disse que o golpe foi golpe. n√£o houve ruptura democr√°tica, mas desde ent√£o esse pa√≠s n√£o teve um minuto de paz e como resultado temos Bolsonaro. a meu ver foi golpe.",eucrisrreis
312,1262804351745167361,"RT @alamoju: @LulaOficial esse oportunismo chega a ser s√°dico. se aproveitar da morte de um jovem negro, de um corpo que o estado negligenc‚Ä¶",Thalescostad2
313,1262804351535517702,"RT @leobolsoneas: Prefiro acreditar em um Presidente que quer me ver trabalhando, tomando os devidos cuidados, do que em um Governador e Pr‚Ä¶",cassio1964
314,1262804351095111682,Ai que falta faz um col√≠rio pra desver o bolsonaro com o manto do Flamengo viu,Fazuosileicnarf
315,1262804350986063880,Covid 762 fazendo mais um bom trabalho üëèüèºüëèüèº https://t.co/b1SiZ4KwOF,Informacoes_RJ
316,1262804350801457152,"Aula de covid na crian√ßa...
Pergunta do aluno: profa essas 67% de crian√ßas internadas eram sintom√°ticas ?

N√£o sua anta! Internaram as crian√ßas sem sintomas

N√£o aguento mais",ViniiSOS
317,1262804350763773953,RT @carloscezarcjr: Estamos diante da maior fraude pol√≠tica da hist√≥ria?,marcosBR004
318,1262804350726017026,RT @Bolsoneas: O maior 'problema' de Jair Bolsonaro √© soltar o VERBO e n√£o a VERBA!,metacapitalista
319,1262804350235262976,"RT @KakaReisdavila: Moro, Valeixo e Ramagem n√£o sabiam que Ronnie Lessa, vizinho de Bolsonaro, era o maior traficante de armas do Rio? http‚Ä¶",profa_analucia
320,1262804350143008768,RT @o_antagonista: Jurista W√°lter Maierovitch cobra Congresso sobre impeachment de @jairbolsonaro. https://t.co/Zbi2OnfQCt,RAFAELMARQUEST4
321,1262804349920653315,"RT @carmelonetobr: O STF deu superpoderes a governadores e prefeitos para enfraquecer Bolsonaro, mas o tiro saiu pela culatra. Enquanto os‚Ä¶",Alv_Brasil
322,1262804349920653314,"RT @RafaelFontana: A PM Stasi de AuschWitzel partiu para cima da popula√ß√£o com bombas e tiros, ferindo manifestantes e prendendo aqueles qu‚Ä¶",APataias
323,1262804349857734656,"RT @moonforyoongi: -mais de 200K de casos de covid-19 no brasil
-caso da bel #SalveBelParaMeninas 
-caso do jo√£o pedro #procurasejoaopedro‚Ä¶",BAHNEAAAA
324,1262804349664845828,"RT @TsunaXVongolaX: Minha filha pegou covid no trabalho (Banc√°ria), e meu genro pegou dela, tomaram AZT+HCQ+Zinco logo no inicio dos sintom‚Ä¶",velocistHA
325,1262804349404827649,RT @raissachaddad: quando eu tomar a vacina da covid https://t.co/Ilvx3Z6z7l,MariaKaefer4
326,1262804349316726785,Estudante do IFMA desenvolve cartilha com orienta√ß√µes contra a COVID-19 https://t.co/TYCZ66yBRV @IFMAead @IFMA_Oficial #coronavirus #covid19,Jornalismo106
327,1262804349169864704,"RT @CarlosBolsonaro: A segunda onda, alertada pelo Presidente e causada por alguns governadores, vem destruindo o RJ  e o Brasil! Via @lean‚Ä¶",VasconcelosDVF
328,1262804349018914817,RT @Vinisouza04_: √â virus https://t.co/1YGFZZ9Ggc,baggio9_
329,1262804348876267520,RT @Gabriel6828: @UOLNoticias Procurou e achou o v√≠rus da gripezinha....,gripezinha_
330,1262804348700106753,"RT @wadih_damous: Ser√° que um dia Miriam Leit√£o, Merval Pereira, Vera Magalh√£es e outros e outras ter√£o a dignidade de Felipe Neto e admiti‚Ä¶",LuhKonfuzah
331,1262804348633038848,RT @djlaryhill: A popula√ß√£o negra e perif√©rica j√° √© maioria entre as mortes de Covid-19 aqui no Rio de Janeiro. Hoje um jovem negro e favel‚Ä¶,kess_rodri
332,1262804348461027336,"Justo nesse ano que eu ia quebrar o p√©ssimo estigma que eu criei depois dos meus primeiros jogos no iodonto 2018, veio o corona e fudeu com tudo! https://t.co/1m6HFKbG8O",Caio_Camargoc
333,1262804348289060865,"RT @jotamarquesrj: E a√≠, @wilsonwitzel? Qual a frase de efeito agora? O que diz para uma fam√≠lia com um adolescente de 14 anos assassinado‚Ä¶",HeyyCristiano
334,1262804348234596360,"RT @RCasara: @veramagalhaes @felipeneto Vera, do ponto de vista hist√≥rico, o STF validou v√°rias ilegalidades. At√©, vale sempre lembrar, a e‚Ä¶",NiltonIF
335,1262804348079398912,rave de samba depois da covid ? Quem quer ?,DehGomezz
336,1262804347852906502,RT @kaiovinilima: N√£o temos mais vagas na UTI. Da semana passada at√© hoje tivemos um aumento de 200% da capacidade total da enfermaria COVI‚Ä¶,verdinhamom
337,1262804347676696587,RT @raissachaddad: quando eu tomar a vacina da covid https://t.co/Ilvx3Z6z7l,larihfreitaxs
338,1262804347529973760,@Paulo_Filho20 corona fdp ne,bellz_marcelino
339,1262804347274002432,corona eu nao te aguento mais infernooooooo https://t.co/tRBxmEW2Nc,whomomsens
340,1262804347190116352,"RT @BrazilFight: BOLSONARO NA REUNI√ÉO MINISTERIAL:

‚ÄúEsse bosta do governador de SP e esse estrume do governador do RJ se aproveitaram do v‚Ä¶",STomaskok
341,1262804346141585412,RT @revistaoeste: Presidente comunista √© acusado de ocultar informa√ß√µes sobre a pandemia; garantiu que doar√° US$ 2 bilh√µes para a luta cont‚Ä¶,flapinheiro
342,1262804345625640961,"@TedMartinsReal Vamos l√°, refletir. O PT n√£o exerceu uma pol√≠tica de esquerda o PT fez o que voc√™s n√£o est√£o conseguindo. O PT s√≥ esteve no poder pq os Neoliberais deixaram, participaram e mamaram, muitos deles est√£o participando desse governo. O Erro do PT foi dar dinheiro aos empres√°rios.",RamisSilva2
343,1262804345495617539,RT @MonicaSeixas: Foi golpe. Bolsonaro √© fascista. Doria √© um oportunista. A ci√™ncia est√° certa. Quarentena √© necess√°ria. Cloroquina n√£o fu‚Ä¶,karou_layne
344,1262804344984014849,RT @mc_caroloficial: A mulher que daria um jeito no bolsonaro https://t.co/CrDKktXPPD,sosdri
345,1262804344979755010,"RT @bibonunes1: √â tragic√¥mico o brilho nos olhos dos apresentadores do JN, quando anunciam o aumento do n√∫mero de mortos no Brasil, pela co‚Ä¶",mdbgrava
346,1262804344971411456,RT @UOLNoticias: Docente que foi sem m√°scara a ato pr√≥-Bolsonaro morre com suspeita de covid https://t.co/PppZq3t4Cl,Rafaela12557045
347,1262804343033663499,"nessa foto apenas vejo pessoas que n√£o se importam com vidas alheias

p.s: quando a gente for homenagear stuart angel, torturado na ditadura, n√£o me venha pedir para separar Flamengo e pol√≠tica https://t.co/XaN7XkPHvC",artemiszinha
348,1262804342912028672,RT @palmeriodoria: O Brasil chegou terceiro lugar no ranking do Covid. At√© o fim da semana alcan√ßa o segundo. Na semana que vem entra em se‚Ä¶,genario_azevedo
349,1262804342878453763,"RT @katnissong: Se voc√™ ainda n√£o Jogos Vorazes, se trata de uma trilogia de fic√ß√£o que discute pol√≠tica e a natureza humana. Nela, jovens‚Ä¶",todabarbiex
350,1262804342559649793,"RT @MidiaNINJA: O Projeto de Lei n¬∫ 1.142/20, de autoria da Deputada Federal @prof_rosaneide e outros coautores, que disp√µe sobre a cria√ß√£o‚Ä¶",Marlevyina
351,1262804342505189381,RT @GuilhermeBoulos: O desespero √© combust√≠vel do fascismo. Entenda a estrat√©gia de Bolsonaro. #CafeComBoulos https://t.co/XBIQnLNo1b,giioferr
352,1262804342316437506,Nunca mais vou perdoar o bolsonaro e o felipe Neto por me fazer concordar com o Arthur Moledo,LuanOli23
353,1262804341901144065,"RT @felipeneto: O caso Jo√£o Pedro n√£o √© ""menino morre"". Jo√£o Pedro foi ASSASSINADO pelo Estado, executado dentro de casa e em seguida teve‚Ä¶",brennolit
354,1262804341569847299,"@marcio37 @deny_denyca23 @jairbolsonaro E o decreto de uma Senadora ou Deputada, n√£o lembro bem, foi: NINGU√âM estar√° autorizado a fiscalizar nada, deixem os Prefeitos e Governadores em paz, eles sabem onde GASTAR a grana enviada pelo Governo Federal.",sergiobarrosaju
355,1262804341326479361,"RT @raffa_silva00: E isto √© motivo de gozo? √â grande homem e super humilde, nunca vi nenhum presidente t√£o ligado ao povo como este!!",_bdsf_
356,1262804340735172609,"RT @AiltonBenedito: O totalitarismo do bem, do pr√©-natal ao al√©m-t√∫mulo, desembarcou sem pudor no Brasil. Manipulando o medo natural da mor‚Ä¶",Catelan16
